"cohort","outcome","outcome_label","bin_lo","bin_mid","n_bin","rate","run_id","run_ts"
"ABG","imv_proc","IMV",23,23.5,10,0.5,"20260208_095917","2026-02-08 09:59:17.934826"
"ABG","imv_proc","IMV",24,24.5,8,0.25,"20260208_095917","2026-02-08 09:59:17.934826"
"ABG","imv_proc","IMV",25,25.5,22,0.318181818181818,"20260208_095917","2026-02-08 09:59:17.934826"
"ABG","imv_proc","IMV",26,26.5,25,0.4,"20260208_095917","2026-02-08 09:59:17.934826"
"ABG","imv_proc","IMV",27,27.5,25,0.32,"20260208_095917","2026-02-08 09:59:17.934826"
"ABG","imv_proc","IMV",28,28.5,25,0.36,"20260208_095917","2026-02-08 09:59:17.934826"
"ABG","imv_proc","IMV",29,29.5,50,0.3,"20260208_095917","2026-02-08 09:59:17.934826"
"ABG","imv_proc","IMV",30,30.5,49,0.285714285714286,"20260208_095917","2026-02-08 09:59:17.934826"
"ABG","imv_proc","IMV",31,31.5,51,0.254901960784314,"20260208_095917","2026-02-08 09:59:17.934826"
"ABG","imv_proc","IMV",32,32.5,72,0.180555555555556,"20260208_095917","2026-02-08 09:59:17.934826"
"ABG","imv_proc","IMV",33,33.5,75,0.346666666666667,"20260208_095917","2026-02-08 09:59:17.934826"
"ABG","imv_proc","IMV",34,34.5,72,0.236111111111111,"20260208_095917","2026-02-08 09:59:17.934826"
"ABG","imv_proc","IMV",35,35.5,73,0.219178082191781,"20260208_095917","2026-02-08 09:59:17.934826"
"ABG","imv_proc","IMV",36,36.5,75,0.186666666666667,"20260208_095917","2026-02-08 09:59:17.934826"
"ABG","imv_proc","IMV",37,37.5,82,0.25609756097561,"20260208_095917","2026-02-08 09:59:17.934826"
"ABG","imv_proc","IMV",38,38.5,77,0.246753246753247,"20260208_095917","2026-02-08 09:59:17.934826"
"ABG","imv_proc","IMV",39,39.5,92,0.239130434782609,"20260208_095917","2026-02-08 09:59:17.934826"
"ABG","imv_proc","IMV",40,40.5,86,0.186046511627907,"20260208_095917","2026-02-08 09:59:17.934826"
"ABG","imv_proc","IMV",41,41.5,82,0.24390243902439,"20260208_095917","2026-02-08 09:59:17.934826"
"ABG","imv_proc","IMV",42,42.5,86,0.174418604651163,"20260208_095917","2026-02-08 09:59:17.934826"
"ABG","imv_proc","IMV",43,43.5,59,0.169491525423729,"20260208_095917","2026-02-08 09:59:17.934826"
"ABG","imv_proc","IMV",44,44.5,63,0.19047619047619,"20260208_095917","2026-02-08 09:59:17.934826"
"ABG","imv_proc","IMV",45,45.5,58,0.189655172413793,"20260208_095917","2026-02-08 09:59:17.934826"
"ABG","imv_proc","IMV",46,46.5,57,0.157894736842105,"20260208_095917","2026-02-08 09:59:17.934826"
"ABG","imv_proc","IMV",47,47.5,43,0.232558139534884,"20260208_095917","2026-02-08 09:59:17.934826"
"ABG","imv_proc","IMV",48,48.5,34,0.205882352941176,"20260208_095917","2026-02-08 09:59:17.934826"
"ABG","imv_proc","IMV",49,49.5,35,0.257142857142857,"20260208_095917","2026-02-08 09:59:17.934826"
"ABG","imv_proc","IMV",50,50.5,38,0.105263157894737,"20260208_095917","2026-02-08 09:59:17.934826"
"ABG","imv_proc","IMV",51,51.5,33,0.333333333333333,"20260208_095917","2026-02-08 09:59:17.934826"
"ABG","imv_proc","IMV",52,52.5,39,0.153846153846154,"20260208_095917","2026-02-08 09:59:17.934826"
"ABG","imv_proc","IMV",53,53.5,27,0.259259259259259,"20260208_095917","2026-02-08 09:59:17.934826"
"ABG","imv_proc","IMV",54,54.5,8,0.375,"20260208_095917","2026-02-08 09:59:17.934826"
"ABG","imv_proc","IMV",55,55.5,22,0.272727272727273,"20260208_095917","2026-02-08 09:59:17.934826"
"ABG","imv_proc","IMV",56,56.5,14,0.142857142857143,"20260208_095917","2026-02-08 09:59:17.934826"
"ABG","imv_proc","IMV",57,57.5,15,0.133333333333333,"20260208_095917","2026-02-08 09:59:17.934826"
"ABG","imv_proc","IMV",58,58.5,12,0.25,"20260208_095917","2026-02-08 09:59:17.934826"
"ABG","imv_proc","IMV",59,59.5,12,0.25,"20260208_095917","2026-02-08 09:59:17.934826"
"ABG","imv_proc","IMV",60,60.5,9,0.555555555555556,"20260208_095917","2026-02-08 09:59:17.934826"
"ABG","imv_proc","IMV",61,61.5,7,0.428571428571429,"20260208_095917","2026-02-08 09:59:17.934826"
"ABG","imv_proc","IMV",62,62.5,13,0.307692307692308,"20260208_095917","2026-02-08 09:59:17.934826"
"ABG","imv_proc","IMV",63,63.5,17,0.411764705882353,"20260208_095917","2026-02-08 09:59:17.934826"
"ABG","imv_proc","IMV",64,64.5,3,0.333333333333333,"20260208_095917","2026-02-08 09:59:17.934826"
"ABG","imv_proc","IMV",65,65.5,6,0,"20260208_095917","2026-02-08 09:59:17.934826"
"ABG","imv_proc","IMV",66,66.5,7,0.285714285714286,"20260208_095917","2026-02-08 09:59:17.934826"
"ABG","imv_proc","IMV",67,67.5,5,0.6,"20260208_095917","2026-02-08 09:59:17.934826"
"ABG","imv_proc","IMV",68,68.5,4,0,"20260208_095917","2026-02-08 09:59:17.934826"
"ABG","imv_proc","IMV",69,69.5,7,0.285714285714286,"20260208_095917","2026-02-08 09:59:17.934826"
"ABG","imv_proc","IMV",70,70.5,6,0.333333333333333,"20260208_095917","2026-02-08 09:59:17.934826"
"ABG","imv_proc","IMV",71,71.5,8,0.125,"20260208_095917","2026-02-08 09:59:17.934826"
"ABG","imv_proc","IMV",72,72.5,8,0.5,"20260208_095917","2026-02-08 09:59:17.934826"
"ABG","imv_proc","IMV",73,73.5,4,0.25,"20260208_095917","2026-02-08 09:59:17.934826"
"ABG","imv_proc","IMV",74,74.5,3,0,"20260208_095917","2026-02-08 09:59:17.934826"
"ABG","imv_proc","IMV",75,75.5,3,0,"20260208_095917","2026-02-08 09:59:17.934826"
"ABG","imv_proc","IMV",76,76.5,8,0.5,"20260208_095917","2026-02-08 09:59:17.934826"
"ABG","imv_proc","IMV",77,77.5,3,0,"20260208_095917","2026-02-08 09:59:17.934826"
"ABG","imv_proc","IMV",78,78.5,2,0,"20260208_095917","2026-02-08 09:59:17.934826"
"ABG","imv_proc","IMV",79,79.5,1,1,"20260208_095917","2026-02-08 09:59:17.934826"
"ABG","imv_proc","IMV",82,82.5,1,0,"20260208_095917","2026-02-08 09:59:17.934826"
"ABG","imv_proc","IMV",83,83.5,1,0,"20260208_095917","2026-02-08 09:59:17.934826"
"ABG","imv_proc","IMV",84,84.5,1,0,"20260208_095917","2026-02-08 09:59:17.934826"
"ABG","imv_proc","IMV",85,85.5,5,0.6,"20260208_095917","2026-02-08 09:59:17.934826"
"ABG","niv_proc","NIV",23,23.5,10,0.2,"20260208_095917","2026-02-08 09:59:17.934826"
"ABG","niv_proc","NIV",24,24.5,8,0,"20260208_095917","2026-02-08 09:59:17.934826"
"ABG","niv_proc","NIV",25,25.5,22,0.0454545454545455,"20260208_095917","2026-02-08 09:59:17.934826"
"ABG","niv_proc","NIV",26,26.5,25,0.08,"20260208_095917","2026-02-08 09:59:17.934826"
"ABG","niv_proc","NIV",27,27.5,25,0.04,"20260208_095917","2026-02-08 09:59:17.934826"
"ABG","niv_proc","NIV",28,28.5,25,0.12,"20260208_095917","2026-02-08 09:59:17.934826"
"ABG","niv_proc","NIV",29,29.5,50,0.12,"20260208_095917","2026-02-08 09:59:17.934826"
"ABG","niv_proc","NIV",30,30.5,49,0.0816326530612245,"20260208_095917","2026-02-08 09:59:17.934826"
"ABG","niv_proc","NIV",31,31.5,51,0.0196078431372549,"20260208_095917","2026-02-08 09:59:17.934826"
"ABG","niv_proc","NIV",32,32.5,72,0.111111111111111,"20260208_095917","2026-02-08 09:59:17.934826"
"ABG","niv_proc","NIV",33,33.5,75,0.0533333333333333,"20260208_095917","2026-02-08 09:59:17.934826"
"ABG","niv_proc","NIV",34,34.5,72,0.0694444444444445,"20260208_095917","2026-02-08 09:59:17.934826"
"ABG","niv_proc","NIV",35,35.5,73,0.0410958904109589,"20260208_095917","2026-02-08 09:59:17.934826"
"ABG","niv_proc","NIV",36,36.5,75,0.0133333333333333,"20260208_095917","2026-02-08 09:59:17.934826"
"ABG","niv_proc","NIV",37,37.5,82,0.0853658536585366,"20260208_095917","2026-02-08 09:59:17.934826"
"ABG","niv_proc","NIV",38,38.5,77,0.116883116883117,"20260208_095917","2026-02-08 09:59:17.934826"
"ABG","niv_proc","NIV",39,39.5,92,0.0760869565217391,"20260208_095917","2026-02-08 09:59:17.934826"
"ABG","niv_proc","NIV",40,40.5,86,0.0465116279069767,"20260208_095917","2026-02-08 09:59:17.934826"
"ABG","niv_proc","NIV",41,41.5,82,0.0853658536585366,"20260208_095917","2026-02-08 09:59:17.934826"
"ABG","niv_proc","NIV",42,42.5,86,0.116279069767442,"20260208_095917","2026-02-08 09:59:17.934826"
"ABG","niv_proc","NIV",43,43.5,59,0.0508474576271187,"20260208_095917","2026-02-08 09:59:17.934826"
"ABG","niv_proc","NIV",44,44.5,63,0.0952380952380952,"20260208_095917","2026-02-08 09:59:17.934826"
"ABG","niv_proc","NIV",45,45.5,58,0.0862068965517241,"20260208_095917","2026-02-08 09:59:17.934826"
"ABG","niv_proc","NIV",46,46.5,57,0.087719298245614,"20260208_095917","2026-02-08 09:59:17.934826"
"ABG","niv_proc","NIV",47,47.5,43,0.116279069767442,"20260208_095917","2026-02-08 09:59:17.934826"
"ABG","niv_proc","NIV",48,48.5,34,0.117647058823529,"20260208_095917","2026-02-08 09:59:17.934826"
"ABG","niv_proc","NIV",49,49.5,35,0.0857142857142857,"20260208_095917","2026-02-08 09:59:17.934826"
"ABG","niv_proc","NIV",50,50.5,38,0.0526315789473685,"20260208_095917","2026-02-08 09:59:17.934826"
"ABG","niv_proc","NIV",51,51.5,33,0.0606060606060606,"20260208_095917","2026-02-08 09:59:17.934826"
"ABG","niv_proc","NIV",52,52.5,39,0.205128205128205,"20260208_095917","2026-02-08 09:59:17.934826"
"ABG","niv_proc","NIV",53,53.5,27,0.111111111111111,"20260208_095917","2026-02-08 09:59:17.934826"
"ABG","niv_proc","NIV",54,54.5,8,0.125,"20260208_095917","2026-02-08 09:59:17.934826"
"ABG","niv_proc","NIV",55,55.5,22,0.0454545454545455,"20260208_095917","2026-02-08 09:59:17.934826"
"ABG","niv_proc","NIV",56,56.5,14,0.0714285714285715,"20260208_095917","2026-02-08 09:59:17.934826"
"ABG","niv_proc","NIV",57,57.5,15,0.266666666666667,"20260208_095917","2026-02-08 09:59:17.934826"
"ABG","niv_proc","NIV",58,58.5,12,0.166666666666667,"20260208_095917","2026-02-08 09:59:17.934826"
"ABG","niv_proc","NIV",59,59.5,12,0.0833333333333333,"20260208_095917","2026-02-08 09:59:17.934826"
"ABG","niv_proc","NIV",60,60.5,9,0.111111111111111,"20260208_095917","2026-02-08 09:59:17.934826"
"ABG","niv_proc","NIV",61,61.5,7,0.142857142857143,"20260208_095917","2026-02-08 09:59:17.934826"
"ABG","niv_proc","NIV",62,62.5,13,0.307692307692308,"20260208_095917","2026-02-08 09:59:17.934826"
"ABG","niv_proc","NIV",63,63.5,17,0.117647058823529,"20260208_095917","2026-02-08 09:59:17.934826"
"ABG","niv_proc","NIV",64,64.5,3,0.333333333333333,"20260208_095917","2026-02-08 09:59:17.934826"
"ABG","niv_proc","NIV",65,65.5,6,0.333333333333333,"20260208_095917","2026-02-08 09:59:17.934826"
"ABG","niv_proc","NIV",66,66.5,7,0.285714285714286,"20260208_095917","2026-02-08 09:59:17.934826"
"ABG","niv_proc","NIV",67,67.5,5,0.2,"20260208_095917","2026-02-08 09:59:17.934826"
"ABG","niv_proc","NIV",68,68.5,4,0.25,"20260208_095917","2026-02-08 09:59:17.934826"
"ABG","niv_proc","NIV",69,69.5,7,0.142857142857143,"20260208_095917","2026-02-08 09:59:17.934826"
"ABG","niv_proc","NIV",70,70.5,6,0.333333333333333,"20260208_095917","2026-02-08 09:59:17.934826"
"ABG","niv_proc","NIV",71,71.5,8,0.125,"20260208_095917","2026-02-08 09:59:17.934826"
"ABG","niv_proc","NIV",72,72.5,8,0.125,"20260208_095917","2026-02-08 09:59:17.934826"
"ABG","niv_proc","NIV",73,73.5,4,0.5,"20260208_095917","2026-02-08 09:59:17.934826"
"ABG","niv_proc","NIV",74,74.5,3,0.333333333333333,"20260208_095917","2026-02-08 09:59:17.934826"
"ABG","niv_proc","NIV",75,75.5,3,0.333333333333333,"20260208_095917","2026-02-08 09:59:17.934826"
"ABG","niv_proc","NIV",76,76.5,8,0.375,"20260208_095917","2026-02-08 09:59:17.934826"
"ABG","niv_proc","NIV",77,77.5,3,0.333333333333333,"20260208_095917","2026-02-08 09:59:17.934826"
"ABG","niv_proc","NIV",78,78.5,2,1,"20260208_095917","2026-02-08 09:59:17.934826"
"ABG","niv_proc","NIV",79,79.5,1,0,"20260208_095917","2026-02-08 09:59:17.934826"
"ABG","niv_proc","NIV",82,82.5,1,1,"20260208_095917","2026-02-08 09:59:17.934826"
"ABG","niv_proc","NIV",83,83.5,1,1,"20260208_095917","2026-02-08 09:59:17.934826"
"ABG","niv_proc","NIV",84,84.5,1,0,"20260208_095917","2026-02-08 09:59:17.934826"
"ABG","niv_proc","NIV",85,85.5,5,0.2,"20260208_095917","2026-02-08 09:59:17.934826"
"ABG","death_60d","Death (60d)",23,23.5,10,0.6,"20260208_095917","2026-02-08 09:59:17.934826"
"ABG","death_60d","Death (60d)",24,24.5,8,0,"20260208_095917","2026-02-08 09:59:17.934826"
"ABG","death_60d","Death (60d)",25,25.5,22,0.5,"20260208_095917","2026-02-08 09:59:17.934826"
"ABG","death_60d","Death (60d)",26,26.5,25,0.16,"20260208_095917","2026-02-08 09:59:17.934826"
"ABG","death_60d","Death (60d)",27,27.5,25,0.24,"20260208_095917","2026-02-08 09:59:17.934826"
"ABG","death_60d","Death (60d)",28,28.5,25,0.16,"20260208_095917","2026-02-08 09:59:17.934826"
"ABG","death_60d","Death (60d)",29,29.5,50,0.3,"20260208_095917","2026-02-08 09:59:17.934826"
"ABG","death_60d","Death (60d)",30,30.5,49,0.163265306122449,"20260208_095917","2026-02-08 09:59:17.934826"
"ABG","death_60d","Death (60d)",31,31.5,51,0.215686274509804,"20260208_095917","2026-02-08 09:59:17.934826"
"ABG","death_60d","Death (60d)",32,32.5,72,0.0833333333333333,"20260208_095917","2026-02-08 09:59:17.934826"
"ABG","death_60d","Death (60d)",33,33.5,75,0.133333333333333,"20260208_095917","2026-02-08 09:59:17.934826"
"ABG","death_60d","Death (60d)",34,34.5,72,0.194444444444444,"20260208_095917","2026-02-08 09:59:17.934826"
"ABG","death_60d","Death (60d)",35,35.5,73,0.123287671232877,"20260208_095917","2026-02-08 09:59:17.934826"
"ABG","death_60d","Death (60d)",36,36.5,75,0.146666666666667,"20260208_095917","2026-02-08 09:59:17.934826"
"ABG","death_60d","Death (60d)",37,37.5,82,0.170731707317073,"20260208_095917","2026-02-08 09:59:17.934826"
"ABG","death_60d","Death (60d)",38,38.5,77,0.142857142857143,"20260208_095917","2026-02-08 09:59:17.934826"
"ABG","death_60d","Death (60d)",39,39.5,92,0.108695652173913,"20260208_095917","2026-02-08 09:59:17.934826"
"ABG","death_60d","Death (60d)",40,40.5,86,0.22093023255814,"20260208_095917","2026-02-08 09:59:17.934826"
"ABG","death_60d","Death (60d)",41,41.5,82,0.109756097560976,"20260208_095917","2026-02-08 09:59:17.934826"
"ABG","death_60d","Death (60d)",42,42.5,86,0.104651162790698,"20260208_095917","2026-02-08 09:59:17.934826"
"ABG","death_60d","Death (60d)",43,43.5,59,0.11864406779661,"20260208_095917","2026-02-08 09:59:17.934826"
"ABG","death_60d","Death (60d)",44,44.5,63,0.111111111111111,"20260208_095917","2026-02-08 09:59:17.934826"
"ABG","death_60d","Death (60d)",45,45.5,58,0.120689655172414,"20260208_095917","2026-02-08 09:59:17.934826"
"ABG","death_60d","Death (60d)",46,46.5,57,0.12280701754386,"20260208_095917","2026-02-08 09:59:17.934826"
"ABG","death_60d","Death (60d)",47,47.5,43,0.186046511627907,"20260208_095917","2026-02-08 09:59:17.934826"
"ABG","death_60d","Death (60d)",48,48.5,34,0.176470588235294,"20260208_095917","2026-02-08 09:59:17.934826"
"ABG","death_60d","Death (60d)",49,49.5,35,0.114285714285714,"20260208_095917","2026-02-08 09:59:17.934826"
"ABG","death_60d","Death (60d)",50,50.5,38,0.105263157894737,"20260208_095917","2026-02-08 09:59:17.934826"
"ABG","death_60d","Death (60d)",51,51.5,33,0.0606060606060606,"20260208_095917","2026-02-08 09:59:17.934826"
"ABG","death_60d","Death (60d)",52,52.5,39,0.256410256410256,"20260208_095917","2026-02-08 09:59:17.934826"
"ABG","death_60d","Death (60d)",53,53.5,27,0.222222222222222,"20260208_095917","2026-02-08 09:59:17.934826"
"ABG","death_60d","Death (60d)",54,54.5,8,0.25,"20260208_095917","2026-02-08 09:59:17.934826"
"ABG","death_60d","Death (60d)",55,55.5,22,0.0454545454545455,"20260208_095917","2026-02-08 09:59:17.934826"
"ABG","death_60d","Death (60d)",56,56.5,14,0,"20260208_095917","2026-02-08 09:59:17.934826"
"ABG","death_60d","Death (60d)",57,57.5,15,0.266666666666667,"20260208_095917","2026-02-08 09:59:17.934826"
"ABG","death_60d","Death (60d)",58,58.5,12,0.166666666666667,"20260208_095917","2026-02-08 09:59:17.934826"
"ABG","death_60d","Death (60d)",59,59.5,12,0.25,"20260208_095917","2026-02-08 09:59:17.934826"
"ABG","death_60d","Death (60d)",60,60.5,9,0.222222222222222,"20260208_095917","2026-02-08 09:59:17.934826"
"ABG","death_60d","Death (60d)",61,61.5,7,0.142857142857143,"20260208_095917","2026-02-08 09:59:17.934826"
"ABG","death_60d","Death (60d)",62,62.5,13,0.307692307692308,"20260208_095917","2026-02-08 09:59:17.934826"
"ABG","death_60d","Death (60d)",63,63.5,17,0.235294117647059,"20260208_095917","2026-02-08 09:59:17.934826"
"ABG","death_60d","Death (60d)",64,64.5,3,0.333333333333333,"20260208_095917","2026-02-08 09:59:17.934826"
"ABG","death_60d","Death (60d)",65,65.5,6,0.5,"20260208_095917","2026-02-08 09:59:17.934826"
"ABG","death_60d","Death (60d)",66,66.5,7,0.428571428571429,"20260208_095917","2026-02-08 09:59:17.934826"
"ABG","death_60d","Death (60d)",67,67.5,5,0.2,"20260208_095917","2026-02-08 09:59:17.934826"
"ABG","death_60d","Death (60d)",68,68.5,4,0.75,"20260208_095917","2026-02-08 09:59:17.934826"
"ABG","death_60d","Death (60d)",69,69.5,7,0,"20260208_095917","2026-02-08 09:59:17.934826"
"ABG","death_60d","Death (60d)",70,70.5,6,0.666666666666667,"20260208_095917","2026-02-08 09:59:17.934826"
"ABG","death_60d","Death (60d)",71,71.5,8,0.125,"20260208_095917","2026-02-08 09:59:17.934826"
"ABG","death_60d","Death (60d)",72,72.5,8,0.5,"20260208_095917","2026-02-08 09:59:17.934826"
"ABG","death_60d","Death (60d)",73,73.5,4,0,"20260208_095917","2026-02-08 09:59:17.934826"
"ABG","death_60d","Death (60d)",74,74.5,3,0,"20260208_095917","2026-02-08 09:59:17.934826"
"ABG","death_60d","Death (60d)",75,75.5,3,0.666666666666667,"20260208_095917","2026-02-08 09:59:17.934826"
"ABG","death_60d","Death (60d)",76,76.5,8,0.25,"20260208_095917","2026-02-08 09:59:17.934826"
"ABG","death_60d","Death (60d)",77,77.5,3,0.333333333333333,"20260208_095917","2026-02-08 09:59:17.934826"
"ABG","death_60d","Death (60d)",78,78.5,2,0,"20260208_095917","2026-02-08 09:59:17.934826"
"ABG","death_60d","Death (60d)",79,79.5,1,1,"20260208_095917","2026-02-08 09:59:17.934826"
"ABG","death_60d","Death (60d)",82,82.5,1,0,"20260208_095917","2026-02-08 09:59:17.934826"
"ABG","death_60d","Death (60d)",83,83.5,1,1,"20260208_095917","2026-02-08 09:59:17.934826"
"ABG","death_60d","Death (60d)",84,84.5,1,0,"20260208_095917","2026-02-08 09:59:17.934826"
"ABG","death_60d","Death (60d)",85,85.5,5,0.2,"20260208_095917","2026-02-08 09:59:17.934826"
"ABG","hypercap_resp_failure","Hypercapnic RF",23,23.5,10,0.2,"20260208_095917","2026-02-08 09:59:17.934826"
"ABG","hypercap_resp_failure","Hypercapnic RF",24,24.5,8,0.125,"20260208_095917","2026-02-08 09:59:17.934826"
"ABG","hypercap_resp_failure","Hypercapnic RF",25,25.5,22,0.0909090909090909,"20260208_095917","2026-02-08 09:59:17.934826"
"ABG","hypercap_resp_failure","Hypercapnic RF",26,26.5,25,0.08,"20260208_095917","2026-02-08 09:59:17.934826"
"ABG","hypercap_resp_failure","Hypercapnic RF",27,27.5,25,0.08,"20260208_095917","2026-02-08 09:59:17.934826"
"ABG","hypercap_resp_failure","Hypercapnic RF",28,28.5,25,0,"20260208_095917","2026-02-08 09:59:17.934826"
"ABG","hypercap_resp_failure","Hypercapnic RF",29,29.5,50,0.04,"20260208_095917","2026-02-08 09:59:17.934826"
"ABG","hypercap_resp_failure","Hypercapnic RF",30,30.5,49,0.0408163265306122,"20260208_095917","2026-02-08 09:59:17.934826"
"ABG","hypercap_resp_failure","Hypercapnic RF",31,31.5,51,0.0588235294117647,"20260208_095917","2026-02-08 09:59:17.934826"
"ABG","hypercap_resp_failure","Hypercapnic RF",32,32.5,72,0.0416666666666667,"20260208_095917","2026-02-08 09:59:17.934826"
"ABG","hypercap_resp_failure","Hypercapnic RF",33,33.5,75,0.0933333333333333,"20260208_095917","2026-02-08 09:59:17.934826"
"ABG","hypercap_resp_failure","Hypercapnic RF",34,34.5,72,0.0277777777777778,"20260208_095917","2026-02-08 09:59:17.934826"
"ABG","hypercap_resp_failure","Hypercapnic RF",35,35.5,73,0.0410958904109589,"20260208_095917","2026-02-08 09:59:17.934826"
"ABG","hypercap_resp_failure","Hypercapnic RF",36,36.5,75,0.04,"20260208_095917","2026-02-08 09:59:17.934826"
"ABG","hypercap_resp_failure","Hypercapnic RF",37,37.5,82,0,"20260208_095917","2026-02-08 09:59:17.934826"
"ABG","hypercap_resp_failure","Hypercapnic RF",38,38.5,77,0.0519480519480519,"20260208_095917","2026-02-08 09:59:17.934826"
"ABG","hypercap_resp_failure","Hypercapnic RF",39,39.5,92,0.0217391304347826,"20260208_095917","2026-02-08 09:59:17.934826"
"ABG","hypercap_resp_failure","Hypercapnic RF",40,40.5,86,0.0116279069767442,"20260208_095917","2026-02-08 09:59:17.934826"
"ABG","hypercap_resp_failure","Hypercapnic RF",41,41.5,82,0.0853658536585366,"20260208_095917","2026-02-08 09:59:17.934826"
"ABG","hypercap_resp_failure","Hypercapnic RF",42,42.5,86,0.0581395348837209,"20260208_095917","2026-02-08 09:59:17.934826"
"ABG","hypercap_resp_failure","Hypercapnic RF",43,43.5,59,0.0338983050847458,"20260208_095917","2026-02-08 09:59:17.934826"
"ABG","hypercap_resp_failure","Hypercapnic RF",44,44.5,63,0.0952380952380952,"20260208_095917","2026-02-08 09:59:17.934826"
"ABG","hypercap_resp_failure","Hypercapnic RF",45,45.5,58,0.0172413793103448,"20260208_095917","2026-02-08 09:59:17.934826"
"ABG","hypercap_resp_failure","Hypercapnic RF",46,46.5,57,0.140350877192982,"20260208_095917","2026-02-08 09:59:17.934826"
"ABG","hypercap_resp_failure","Hypercapnic RF",47,47.5,43,0.0930232558139535,"20260208_095917","2026-02-08 09:59:17.934826"
"ABG","hypercap_resp_failure","Hypercapnic RF",48,48.5,34,0.147058823529412,"20260208_095917","2026-02-08 09:59:17.934826"
"ABG","hypercap_resp_failure","Hypercapnic RF",49,49.5,35,0.142857142857143,"20260208_095917","2026-02-08 09:59:17.934826"
"ABG","hypercap_resp_failure","Hypercapnic RF",50,50.5,38,0.210526315789474,"20260208_095917","2026-02-08 09:59:17.934826"
"ABG","hypercap_resp_failure","Hypercapnic RF",51,51.5,33,0.242424242424242,"20260208_095917","2026-02-08 09:59:17.934826"
"ABG","hypercap_resp_failure","Hypercapnic RF",52,52.5,39,0.17948717948718,"20260208_095917","2026-02-08 09:59:17.934826"
"ABG","hypercap_resp_failure","Hypercapnic RF",53,53.5,27,0.222222222222222,"20260208_095917","2026-02-08 09:59:17.934826"
"ABG","hypercap_resp_failure","Hypercapnic RF",54,54.5,8,0.25,"20260208_095917","2026-02-08 09:59:17.934826"
"ABG","hypercap_resp_failure","Hypercapnic RF",55,55.5,22,0.227272727272727,"20260208_095917","2026-02-08 09:59:17.934826"
"ABG","hypercap_resp_failure","Hypercapnic RF",56,56.5,14,0.0714285714285714,"20260208_095917","2026-02-08 09:59:17.934826"
"ABG","hypercap_resp_failure","Hypercapnic RF",57,57.5,15,0.333333333333333,"20260208_095917","2026-02-08 09:59:17.934826"
"ABG","hypercap_resp_failure","Hypercapnic RF",58,58.5,12,0.333333333333333,"20260208_095917","2026-02-08 09:59:17.934826"
"ABG","hypercap_resp_failure","Hypercapnic RF",59,59.5,12,0.25,"20260208_095917","2026-02-08 09:59:17.934826"
"ABG","hypercap_resp_failure","Hypercapnic RF",60,60.5,9,0.444444444444444,"20260208_095917","2026-02-08 09:59:17.934826"
"ABG","hypercap_resp_failure","Hypercapnic RF",61,61.5,7,0.428571428571429,"20260208_095917","2026-02-08 09:59:17.934826"
"ABG","hypercap_resp_failure","Hypercapnic RF",62,62.5,13,0.307692307692308,"20260208_095917","2026-02-08 09:59:17.934826"
"ABG","hypercap_resp_failure","Hypercapnic RF",63,63.5,17,0.411764705882353,"20260208_095917","2026-02-08 09:59:17.934826"
"ABG","hypercap_resp_failure","Hypercapnic RF",64,64.5,3,0.333333333333333,"20260208_095917","2026-02-08 09:59:17.934826"
"ABG","hypercap_resp_failure","Hypercapnic RF",65,65.5,6,0.5,"20260208_095917","2026-02-08 09:59:17.934826"
"ABG","hypercap_resp_failure","Hypercapnic RF",66,66.5,7,0.428571428571429,"20260208_095917","2026-02-08 09:59:17.934826"
"ABG","hypercap_resp_failure","Hypercapnic RF",67,67.5,5,0.6,"20260208_095917","2026-02-08 09:59:17.934826"
"ABG","hypercap_resp_failure","Hypercapnic RF",68,68.5,4,0.25,"20260208_095917","2026-02-08 09:59:17.934826"
"ABG","hypercap_resp_failure","Hypercapnic RF",69,69.5,7,0.714285714285714,"20260208_095917","2026-02-08 09:59:17.934826"
"ABG","hypercap_resp_failure","Hypercapnic RF",70,70.5,6,0.666666666666667,"20260208_095917","2026-02-08 09:59:17.934826"
"ABG","hypercap_resp_failure","Hypercapnic RF",71,71.5,8,0.625,"20260208_095917","2026-02-08 09:59:17.934826"
"ABG","hypercap_resp_failure","Hypercapnic RF",72,72.5,8,0.625,"20260208_095917","2026-02-08 09:59:17.934826"
"ABG","hypercap_resp_failure","Hypercapnic RF",73,73.5,4,0.25,"20260208_095917","2026-02-08 09:59:17.934826"
"ABG","hypercap_resp_failure","Hypercapnic RF",74,74.5,3,0.333333333333333,"20260208_095917","2026-02-08 09:59:17.934826"
"ABG","hypercap_resp_failure","Hypercapnic RF",75,75.5,3,0.666666666666667,"20260208_095917","2026-02-08 09:59:17.934826"
"ABG","hypercap_resp_failure","Hypercapnic RF",76,76.5,8,0.25,"20260208_095917","2026-02-08 09:59:17.934826"
"ABG","hypercap_resp_failure","Hypercapnic RF",77,77.5,3,0.333333333333333,"20260208_095917","2026-02-08 09:59:17.934826"
"ABG","hypercap_resp_failure","Hypercapnic RF",78,78.5,2,1,"20260208_095917","2026-02-08 09:59:17.934826"
"ABG","hypercap_resp_failure","Hypercapnic RF",79,79.5,1,1,"20260208_095917","2026-02-08 09:59:17.934826"
"ABG","hypercap_resp_failure","Hypercapnic RF",82,82.5,1,1,"20260208_095917","2026-02-08 09:59:17.934826"
"ABG","hypercap_resp_failure","Hypercapnic RF",83,83.5,1,1,"20260208_095917","2026-02-08 09:59:17.934826"
"ABG","hypercap_resp_failure","Hypercapnic RF",84,84.5,1,0,"20260208_095917","2026-02-08 09:59:17.934826"
"ABG","hypercap_resp_failure","Hypercapnic RF",85,85.5,5,0,"20260208_095917","2026-02-08 09:59:17.934826"
