"variable","class","nlevels","n_missing","pct_missing","run_id","run_ts"
"encounter_id","character",NA,0,0,"20260207_173552","2026-02-07 17:35:52.953951"
"rfs","character",NA,0,0,"20260207_173552","2026-02-07 17:35:52.953951"
"sex","factor",2,0,0,"20260207_173552","2026-02-07 17:35:52.953951"
"race","haven_labelled",NA,0,0,"20260207_173552","2026-02-07 17:35:52.953951"
"ethnicity","haven_labelled",NA,0,0,"20260207_173552","2026-02-07 17:35:52.953951"
"location","factor",4,0,0,"20260207_173552","2026-02-07 17:35:52.953951"
"age_at_encounter","numeric",NA,0,0,"20260207_173552","2026-02-07 17:35:52.953951"
"los","numeric",NA,0,0,"20260207_173552","2026-02-07 17:35:52.953951"
"curr_bmi","numeric",NA,2934,56.695652173913,"20260207_173552","2026-02-07 17:35:52.953951"
"hr","numeric",NA,1890,36.5217391304348,"20260207_173552","2026-02-07 17:35:52.953951"
"curr_height","numeric",NA,1462,28.2512077294686,"20260207_173552","2026-02-07 17:35:52.953951"
"vbg_temp","numeric",NA,5175,100,"20260207_173552","2026-02-07 17:35:52.953951"
"abg_temp","numeric",NA,5175,100,"20260207_173552","2026-02-07 17:35:52.953951"
"vbg_o2sat","numeric",NA,4474,86.4541062801932,"20260207_173552","2026-02-07 17:35:52.953951"
"abg_o2sat","numeric",NA,4097,79.1690821256039,"20260207_173552","2026-02-07 17:35:52.953951"
"sao2_blood","numeric",NA,4932,95.304347826087,"20260207_173552","2026-02-07 17:35:52.953951"
"value_prev_weight","numeric",NA,4720,91.207729468599,"20260207_173552","2026-02-07 17:35:52.953951"
"value_prev_height","numeric",NA,4488,86.7246376811594,"20260207_173552","2026-02-07 17:35:52.953951"
"value_prev_bmi","numeric",NA,4859,93.8937198067633,"20260207_173552","2026-02-07 17:35:52.953951"
"value_highest_20198","numeric",NA,3929,75.9227053140097,"20260207_173552","2026-02-07 17:35:52.953951"
"value_highest_115576","numeric",NA,4652,89.8937198067633,"20260207_173552","2026-02-07 17:35:52.953951"
"value_highest_327718","numeric",NA,4939,95.43961352657,"20260207_173552","2026-02-07 17:35:52.953951"
"vbg_co2","numeric",NA,3730,72.0772946859903,"20260207_173552","2026-02-07 17:35:52.953951"
"highest_vbg_co2","numeric",NA,3726,72,"20260207_173552","2026-02-07 17:35:52.953951"
"pco2_nos","numeric",NA,4568,88.2705314009662,"20260207_173552","2026-02-07 17:35:52.953951"
"highest_pco2_nos","numeric",NA,4568,88.2705314009662,"20260207_173552","2026-02-07 17:35:52.953951"
"abg_ph","numeric",NA,3240,62.6086956521739,"20260207_173552","2026-02-07 17:35:52.953951"
"vbg_ph","numeric",NA,3638,70.2995169082126,"20260207_173552","2026-02-07 17:35:52.953951"
"abg_hco3","numeric",NA,4021,77.7004830917874,"20260207_173552","2026-02-07 17:35:52.953951"
"vbg_hco3","numeric",NA,3859,74.5700483091787,"20260207_173552","2026-02-07 17:35:52.953951"
"sodium","numeric",NA,261,5.04347826086957,"20260207_173552","2026-02-07 17:35:52.953951"
"serum_cr","numeric",NA,481,9.29468599033816,"20260207_173552","2026-02-07 17:35:52.953951"
"hgb","numeric",NA,566,10.9371980676329,"20260207_173552","2026-02-07 17:35:52.953951"
"serum_hco3","numeric",NA,282,5.44927536231884,"20260207_173552","2026-02-07 17:35:52.953951"
"serum_cl","numeric",NA,298,5.75845410628019,"20260207_173552","2026-02-07 17:35:52.953951"
"serum_lac","numeric",NA,3125,60.3864734299517,"20260207_173552","2026-02-07 17:35:52.953951"
"serum_k","numeric",NA,402,7.76811594202899,"20260207_173552","2026-02-07 17:35:52.953951"
"temp_cor_oxygen","numeric",NA,5090,98.3574879227053,"20260207_173552","2026-02-07 17:35:52.953951"
"vbg_ph_temp_cor","numeric",NA,5091,98.3768115942029,"20260207_173552","2026-02-07 17:35:52.953951"
"vbg_po2","numeric",NA,3878,74.9371980676328,"20260207_173552","2026-02-07 17:35:52.953951"
"vbg_lactate","numeric",NA,4993,96.4830917874396,"20260207_173552","2026-02-07 17:35:52.953951"
"vbg_hco3_calc","numeric",NA,5050,97.5845410628019,"20260207_173552","2026-02-07 17:35:52.953951"
"abg_po2","numeric",NA,3983,76.9661835748792,"20260207_173552","2026-02-07 17:35:52.953951"
"abg_po2_temp_cor","numeric",NA,4925,95.1690821256039,"20260207_173552","2026-02-07 17:35:52.953951"
"abg_ph_temp_cor","numeric",NA,4933,95.3236714975845,"20260207_173552","2026-02-07 17:35:52.953951"
"abg_lactate","numeric",NA,4975,96.1352657004831,"20260207_173552","2026-02-07 17:35:52.953951"
"ph_blood","numeric",NA,4621,89.2946859903382,"20260207_173552","2026-02-07 17:35:52.953951"
"po2_blood","numeric",NA,4670,90.2415458937198,"20260207_173552","2026-02-07 17:35:52.953951"
"wbc","numeric",NA,894,17.2753623188406,"20260207_173552","2026-02-07 17:35:52.953951"
"plt","numeric",NA,401,7.7487922705314,"20260207_173552","2026-02-07 17:35:52.953951"
"bnp_date","character",NA,0,0,"20260207_173552","2026-02-07 17:35:52.953951"
"serum_phos_date","character",NA,0,0,"20260207_173552","2026-02-07 17:35:52.953951"
"serum_phos","numeric",NA,2732,52.792270531401,"20260207_173552","2026-02-07 17:35:52.953951"
"serum_ca_date","character",NA,0,0,"20260207_173552","2026-02-07 17:35:52.953951"
"serum_ca","numeric",NA,515,9.95169082125604,"20260207_173552","2026-02-07 17:35:52.953951"
"serum_albumin_date","character",NA,0,0,"20260207_173552","2026-02-07 17:35:52.953951"
"serum_albumin","numeric",NA,1859,35.9227053140097,"20260207_173552","2026-02-07 17:35:52.953951"
"serum_tprot_date","character",NA,0,0,"20260207_173552","2026-02-07 17:35:52.953951"
"serum_tprot","numeric",NA,1961,37.8937198067633,"20260207_173552","2026-02-07 17:35:52.953951"
"has_j9612","numeric",NA,0,0,"20260207_173552","2026-02-07 17:35:52.953951"
"has_j9622","numeric",NA,0,0,"20260207_173552","2026-02-07 17:35:52.953951"
"has_j9602","numeric",NA,0,0,"20260207_173552","2026-02-07 17:35:52.953951"
"has_j9692","numeric",NA,0,0,"20260207_173552","2026-02-07 17:35:52.953951"
"ohs_code","numeric",NA,0,0,"20260207_173552","2026-02-07 17:35:52.953951"
"has_j9600","numeric",NA,0,0,"20260207_173552","2026-02-07 17:35:52.953951"
"principal_diagnosis_indicator","character",NA,0,0,"20260207_173552","2026-02-07 17:35:52.953951"
"admitting_diagnosis","character",NA,0,0,"20260207_173552","2026-02-07 17:35:52.953951"
"reason_for_visit","character",NA,0,0,"20260207_173552","2026-02-07 17:35:52.953951"
"has_j9601","numeric",NA,0,0,"20260207_173552","2026-02-07 17:35:52.953951"
"has_j961","numeric",NA,0,0,"20260207_173552","2026-02-07 17:35:52.953951"
"has_j9610","numeric",NA,0,0,"20260207_173552","2026-02-07 17:35:52.953951"
"has_j9611","numeric",NA,0,0,"20260207_173552","2026-02-07 17:35:52.953951"
"has_j962","numeric",NA,0,0,"20260207_173552","2026-02-07 17:35:52.953951"
"has_j9620","numeric",NA,0,0,"20260207_173552","2026-02-07 17:35:52.953951"
"has_j9621","numeric",NA,0,0,"20260207_173552","2026-02-07 17:35:52.953951"
"has_j9690","numeric",NA,0,0,"20260207_173552","2026-02-07 17:35:52.953951"
"has_j9691","numeric",NA,0,0,"20260207_173552","2026-02-07 17:35:52.953951"
"other_abn_of_br","haven_labelled",NA,0,0,"20260207_173552","2026-02-07 17:35:52.953951"
"cfdo","haven_labelled",NA,0,0,"20260207_173552","2026-02-07 17:35:52.953951"
"has_i50_acute","numeric",NA,0,0,"20260207_173552","2026-02-07 17:35:52.953951"
"acute_nmd","haven_labelled",NA,0,0,"20260207_173552","2026-02-07 17:35:52.953951"
"sepsis_dx","haven_labelled",NA,0,0,"20260207_173552","2026-02-07 17:35:52.953951"
"stupor_dx","haven_labelled",NA,0,0,"20260207_173552","2026-02-07 17:35:52.953951"
"cog_signs_dx","haven_labelled",NA,0,0,"20260207_173552","2026-02-07 17:35:52.953951"
"mal_fat_dx","haven_labelled",NA,0,0,"20260207_173552","2026-02-07 17:35:52.953951"
"resp_acid_dx","haven_labelled",NA,0,0,"20260207_173552","2026-02-07 17:35:52.953951"
"sleep_hypovent_dx","haven_labelled",NA,0,0,"20260207_173552","2026-02-07 17:35:52.953951"
"cchs_dx","haven_labelled",NA,0,0,"20260207_173552","2026-02-07 17:35:52.953951"
"other_sleep_hypovent_dx","haven_labelled",NA,0,0,"20260207_173552","2026-02-07 17:35:52.953951"
"acidosis_unspec","haven_labelled",NA,0,0,"20260207_173552","2026-02-07 17:35:52.953951"
"headache_dx","haven_labelled",NA,0,0,"20260207_173552","2026-02-07 17:35:52.953951"
"cpap","haven_labelled",NA,0,0,"20260207_173552","2026-02-07 17:35:52.953951"
"tte_proc","haven_labelled",NA,0,0,"20260207_173552","2026-02-07 17:35:52.953951"
"aero","haven_labelled",NA,0,0,"20260207_173552","2026-02-07 17:35:52.953951"
"inh_teaching","haven_labelled",NA,0,0,"20260207_173552","2026-02-07 17:35:52.953951"
"cxr1v","haven_labelled",NA,0,0,"20260207_173552","2026-02-07 17:35:52.953951"
"cxr2v","haven_labelled",NA,0,0,"20260207_173552","2026-02-07 17:35:52.953951"
"ctcnoncon","haven_labelled",NA,0,0,"20260207_173552","2026-02-07 17:35:52.953951"
"ctccon","haven_labelled",NA,0,0,"20260207_173552","2026-02-07 17:35:52.953951"
"cc_time","haven_labelled",NA,0,0,"20260207_173552","2026-02-07 17:35:52.953951"
"meas_venous_o2_proc","haven_labelled",NA,0,0,"20260207_173552","2026-02-07 17:35:52.953951"
"meas_arterial_gas_proc","haven_labelled",NA,0,0,"20260207_173552","2026-02-07 17:35:52.953951"
"blood_cx_proc","haven_labelled",NA,0,0,"20260207_173552","2026-02-07 17:35:52.953951"
"art_punct_proc","haven_labelled",NA,0,0,"20260207_173552","2026-02-07 17:35:52.953951"
"ctabdpelv","haven_labelled",NA,0,0,"20260207_173552","2026-02-07 17:35:52.953951"
"osa","haven_labelled",NA,0,0,"20260207_173552","2026-02-07 17:35:52.953951"
"asthma","haven_labelled",NA,0,0,"20260207_173552","2026-02-07 17:35:52.953951"
"copd","haven_labelled",NA,0,0,"20260207_173552","2026-02-07 17:35:52.953951"
"chf","haven_labelled",NA,0,0,"20260207_173552","2026-02-07 17:35:52.953951"
"stroke","haven_labelled",NA,0,0,"20260207_173552","2026-02-07 17:35:52.953951"
"ckd","haven_labelled",NA,0,0,"20260207_173552","2026-02-07 17:35:52.953951"
"pvd","haven_labelled",NA,0,0,"20260207_173552","2026-02-07 17:35:52.953951"
"oud","haven_labelled",NA,0,0,"20260207_173552","2026-02-07 17:35:52.953951"
"sedatives","haven_labelled",NA,0,0,"20260207_173552","2026-02-07 17:35:52.953951"
"phtn","haven_labelled",NA,0,0,"20260207_173552","2026-02-07 17:35:52.953951"
"polycy","haven_labelled",NA,0,0,"20260207_173552","2026-02-07 17:35:52.953951"
"po_steroid","haven_labelled",NA,0,0,"20260207_173552","2026-02-07 17:35:52.953951"
"narcan","haven_labelled",NA,0,0,"20260207_173552","2026-02-07 17:35:52.953951"
"inpt_inh","haven_labelled",NA,0,0,"20260207_173552","2026-02-07 17:35:52.953951"
"vasodilators","haven_labelled",NA,0,0,"20260207_173552","2026-02-07 17:35:52.953951"
"ip_diuretics","haven_labelled",NA,0,0,"20260207_173552","2026-02-07 17:35:52.953951"
"ip_abx","haven_labelled",NA,0,0,"20260207_173552","2026-02-07 17:35:52.953951"
"paralytic","haven_labelled",NA,0,0,"20260207_173552","2026-02-07 17:35:52.953951"
"op_diuretics","haven_labelled",NA,0,0,"20260207_173552","2026-02-07 17:35:52.953951"
"op_opiate","haven_labelled",NA,0,0,"20260207_173552","2026-02-07 17:35:52.953951"
"op_mat","haven_labelled",NA,0,0,"20260207_173552","2026-02-07 17:35:52.953951"
"op_nrt","haven_labelled",NA,0,0,"20260207_173552","2026-02-07 17:35:52.953951"
"copd_med","haven_labelled",NA,0,0,"20260207_173552","2026-02-07 17:35:52.953951"
"muscle_relax","haven_labelled",NA,0,0,"20260207_173552","2026-02-07 17:35:52.953951"
"pat_enc_hash","character",NA,0,0,"20260207_173552","2026-02-07 17:35:52.953951"
"ABG_rfs","numeric",NA,0,0,"20260207_173552","2026-02-07 17:35:52.953951"
"is_amb","numeric",NA,0,0,"20260207_173552","2026-02-07 17:35:52.953951"
"encounter_date","Date",NA,0,0,"20260207_173552","2026-02-07 17:35:52.953951"
"age_by_ten","numeric",NA,0,0,"20260207_173552","2026-02-07 17:35:52.953951"
"age_decade","haven_labelled",NA,0,0,"20260207_173552","2026-02-07 17:35:52.953951"
"death_date","numeric",NA,4467,86.3188405797101,"20260207_173552","2026-02-07 17:35:52.953951"
"died","numeric",NA,0,0,"20260207_173552","2026-02-07 17:35:52.953951"
"months_death_or_cens","numeric",NA,0,0,"20260207_173552","2026-02-07 17:35:52.953951"
"curr_weight","numeric",NA,1624,31.3816425120773,"20260207_173552","2026-02-07 17:35:52.953951"
"curr_weight_date","numeric",NA,1624,31.3816425120773,"20260207_173552","2026-02-07 17:35:52.953951"
"prev_weight_date","numeric",NA,4720,91.207729468599,"20260207_173552","2026-02-07 17:35:52.953951"
"curr_height_date","numeric",NA,1462,28.2512077294686,"20260207_173552","2026-02-07 17:35:52.953951"
"prev_height_date","numeric",NA,4488,86.7246376811594,"20260207_173552","2026-02-07 17:35:52.953951"
"curr_bmi_date","numeric",NA,2934,56.695652173913,"20260207_173552","2026-02-07 17:35:52.953951"
"prev_bmi_date","numeric",NA,4858,93.8743961352657,"20260207_173552","2026-02-07 17:35:52.953951"
"height","numeric",NA,1459,28.1932367149758,"20260207_173552","2026-02-07 17:35:52.953951"
"height_date","numeric",NA,1459,28.1932367149758,"20260207_173552","2026-02-07 17:35:52.953951"
"weight","numeric",NA,1620,31.304347826087,"20260207_173552","2026-02-07 17:35:52.953951"
"weight_date","numeric",NA,1620,31.304347826087,"20260207_173552","2026-02-07 17:35:52.953951"
"calc_bmi","numeric",NA,2191,42.3381642512077,"20260207_173552","2026-02-07 17:35:52.953951"
"calc_bmi_date","numeric",NA,2191,42.3381642512077,"20260207_173552","2026-02-07 17:35:52.953951"
"working_bmi","numeric",NA,2932,56.6570048309179,"20260207_173552","2026-02-07 17:35:52.953951"
"working_bmi_date","numeric",NA,2932,56.6570048309179,"20260207_173552","2026-02-07 17:35:52.953951"
"bmi","numeric",NA,1777,34.3381642512077,"20260207_173552","2026-02-07 17:35:52.953951"
"bmi_date","numeric",NA,1777,34.3381642512077,"20260207_173552","2026-02-07 17:35:52.953951"
"bmi_int","numeric",NA,1777,34.3381642512077,"20260207_173552","2026-02-07 17:35:52.953951"
"bmi_by_five","numeric",NA,1777,34.3381642512077,"20260207_173552","2026-02-07 17:35:52.953951"
"rr","numeric",NA,2845,54.975845410628,"20260207_173552","2026-02-07 17:35:52.953951"
"rr_date","numeric",NA,2838,54.8405797101449,"20260207_173552","2026-02-07 17:35:52.953951"
"temp_new","numeric",NA,2501,48.3285024154589,"20260207_173552","2026-02-07 17:35:52.953951"
"new_temp_date","numeric",NA,2501,48.3285024154589,"20260207_173552","2026-02-07 17:35:52.953951"
"sbp","numeric",NA,1544,29.8357487922705,"20260207_173552","2026-02-07 17:35:52.953951"
"sbp_date","numeric",NA,1544,29.8357487922705,"20260207_173552","2026-02-07 17:35:52.953951"
"dbp","numeric",NA,1556,30.0676328502415,"20260207_173552","2026-02-07 17:35:52.953951"
"dbp_date","numeric",NA,1550,29.951690821256,"20260207_173552","2026-02-07 17:35:52.953951"
"spo2_date","numeric",NA,3665,70.8212560386473,"20260207_173552","2026-02-07 17:35:52.953951"
"hr_date","numeric",NA,1889,36.5024154589372,"20260207_173552","2026-02-07 17:35:52.953951"
"abg_ph_date","numeric",NA,4054,78.3381642512077,"20260207_173552","2026-02-07 17:35:52.953951"
"vbg_ph_date","numeric",NA,3754,72.5410628019324,"20260207_173552","2026-02-07 17:35:52.953951"
"abg_hco3_date","numeric",NA,4004,77.3719806763285,"20260207_173552","2026-02-07 17:35:52.953951"
"abg_hco3_int","numeric",NA,4021,77.7004830917874,"20260207_173552","2026-02-07 17:35:52.953951"
"vbg_hco3_date","numeric",NA,3841,74.2222222222222,"20260207_173552","2026-02-07 17:35:52.953951"
"sodium_date","numeric",NA,260,5.02415458937198,"20260207_173552","2026-02-07 17:35:52.953951"
"serum_k_date","numeric",NA,402,7.76811594202899,"20260207_173552","2026-02-07 17:35:52.953951"
"hgb_date","numeric",NA,426,8.23188405797101,"20260207_173552","2026-02-07 17:35:52.953951"
"wbc_date","numeric",NA,759,14.6666666666667,"20260207_173552","2026-02-07 17:35:52.953951"
"plt_date","numeric",NA,344,6.64734299516908,"20260207_173552","2026-02-07 17:35:52.953951"
"serum_hco3_date","numeric",NA,276,5.33333333333333,"20260207_173552","2026-02-07 17:35:52.953951"
"any_bicarb","numeric",NA,230,4.44444444444444,"20260207_173552","2026-02-07 17:35:52.953951"
"int_bicarb","numeric",NA,230,4.44444444444444,"20260207_173552","2026-02-07 17:35:52.953951"
"hco3_cat","haven_labelled",NA,282,5.44927536231884,"20260207_173552","2026-02-07 17:35:52.953951"
"serum_cl_date","numeric",NA,292,5.64251207729469,"20260207_173552","2026-02-07 17:35:52.953951"
"serum_cr_date","numeric",NA,444,8.57971014492754,"20260207_173552","2026-02-07 17:35:52.953951"
"serum_lac_date","numeric",NA,3085,59.6135265700483,"20260207_173552","2026-02-07 17:35:52.953951"
"vbg_co2_date","numeric",NA,3723,71.9420289855072,"20260207_173552","2026-02-07 17:35:52.953951"
"pco2_nos_date","numeric",NA,4568,88.2705314009662,"20260207_173552","2026-02-07 17:35:52.953951"
"highest_vbg_co2_date","numeric",NA,3723,71.9420289855072,"20260207_173552","2026-02-07 17:35:52.953951"
"highest_pco2_nos_date","numeric",NA,4568,88.2705314009662,"20260207_173552","2026-02-07 17:35:52.953951"
"paco2","numeric",NA,3264,63.072463768116,"20260207_173552","2026-02-07 17:35:52.953951"
"paco2_date_1","numeric",NA,3928,75.9033816425121,"20260207_173552","2026-02-07 17:35:52.953951"
"paco2_date_2","numeric",NA,4652,89.8937198067633,"20260207_173552","2026-02-07 17:35:52.953951"
"paco2_date_3","numeric",NA,4939,95.43961352657,"20260207_173552","2026-02-07 17:35:52.953951"
"paco2_date","numeric",NA,3259,62.975845410628,"20260207_173552","2026-02-07 17:35:52.953951"
"paco2_int","numeric",NA,3264,63.072463768116,"20260207_173552","2026-02-07 17:35:52.953951"
"highest_paco2","numeric",NA,3260,62.9951690821256,"20260207_173552","2026-02-07 17:35:52.953951"
"paco2_date_highest_1","numeric",NA,3928,75.9033816425121,"20260207_173552","2026-02-07 17:35:52.953951"
"paco2_date_highest_2","numeric",NA,4652,89.8937198067633,"20260207_173552","2026-02-07 17:35:52.953951"
"paco2_date_highest_3","numeric",NA,4939,95.43961352657,"20260207_173552","2026-02-07 17:35:52.953951"
"paco2_date_highest","numeric",NA,3259,62.975845410628,"20260207_173552","2026-02-07 17:35:52.953951"
"temp_cor_oxygen_date","numeric",NA,5060,97.7777777777778,"20260207_173552","2026-02-07 17:35:52.953951"
"temp_cor_vbg_ph_date","numeric",NA,5091,98.3768115942029,"20260207_173552","2026-02-07 17:35:52.953951"
"vbg_po2_date","numeric",NA,3847,74.3381642512077,"20260207_173552","2026-02-07 17:35:52.953951"
"vbg_lactate_date","numeric",NA,4992,96.463768115942,"20260207_173552","2026-02-07 17:35:52.953951"
"vbg_hco3_calc_date","numeric",NA,5049,97.5652173913043,"20260207_173552","2026-02-07 17:35:52.953951"
"abg_po2_date","numeric",NA,3982,76.9468599033816,"20260207_173552","2026-02-07 17:35:52.953951"
"abg_po2_temp_cor_date","numeric",NA,4925,95.1690821256039,"20260207_173552","2026-02-07 17:35:52.953951"
"abg_ph_temp_cor_date","numeric",NA,4933,95.3236714975845,"20260207_173552","2026-02-07 17:35:52.953951"
"abg_lactate_date","numeric",NA,4974,96.1159420289855,"20260207_173552","2026-02-07 17:35:52.953951"
"ph_blood_date","numeric",NA,4621,89.2946859903382,"20260207_173552","2026-02-07 17:35:52.953951"
"po2_blood_date","numeric",NA,4662,90.0869565217391,"20260207_173552","2026-02-07 17:35:52.953951"
"vbg_temp_date","numeric",NA,5175,100,"20260207_173552","2026-02-07 17:35:52.953951"
"abg_temp_date","numeric",NA,5166,99.8260869565217,"20260207_173552","2026-02-07 17:35:52.953951"
"vbg_o2sat_date","numeric",NA,4468,86.3381642512077,"20260207_173552","2026-02-07 17:35:52.953951"
"abg_o2sat_date","numeric",NA,3959,76.5024154589372,"20260207_173552","2026-02-07 17:35:52.953951"
"sao2_blood_date","numeric",NA,4890,94.4927536231884,"20260207_173552","2026-02-07 17:35:52.953951"
"paco2_flag","haven_labelled",NA,3264,63.072463768116,"20260207_173552","2026-02-07 17:35:52.953951"
"highest_paco2_flag","haven_labelled",NA,3260,62.9951690821256,"20260207_173552","2026-02-07 17:35:52.953951"
"paco2_52_flag","haven_labelled",NA,3264,63.072463768116,"20260207_173552","2026-02-07 17:35:52.953951"
"vbg_co2_flag","haven_labelled",NA,3730,72.0772946859903,"20260207_173552","2026-02-07 17:35:52.953951"
"highest_vbg_co2_flag","haven_labelled",NA,3726,72,"20260207_173552","2026-02-07 17:35:52.953951"
"miss_paco2_flag","numeric",NA,0,0,"20260207_173552","2026-02-07 17:35:52.953951"
"miss_vbg_co2_flag","numeric",NA,0,0,"20260207_173552","2026-02-07 17:35:52.953951"
"miss_vbg_or_abg_co2_flag","numeric",NA,0,0,"20260207_173552","2026-02-07 17:35:52.953951"
"hco3_flag","haven_labelled",NA,282,5.44927536231884,"20260207_173552","2026-02-07 17:35:52.953951"
"not_paco2_flag","numeric",NA,3264,63.072463768116,"20260207_173552","2026-02-07 17:35:52.953951"
"not_hco3_flag","numeric",NA,282,5.44927536231884,"20260207_173552","2026-02-07 17:35:52.953951"
"k_cat","haven_labelled",NA,402,7.76811594202899,"20260207_173552","2026-02-07 17:35:52.953951"
"acidemia","haven_labelled",NA,2284,44.1352657004831,"20260207_173552","2026-02-07 17:35:52.953951"
"abg_sbe","numeric",NA,4062,78.4927536231884,"20260207_173552","2026-02-07 17:35:52.953951"
"vbg_sbe","numeric",NA,3867,74.7246376811594,"20260207_173552","2026-02-07 17:35:52.953951"
"cw_simple_acute_resp_acid","haven_labelled",NA,4331,83.6908212560386,"20260207_173552","2026-02-07 17:35:52.953951"
"paco2_52_comp_flag","haven_labelled",NA,3266,63.1111111111111,"20260207_173552","2026-02-07 17:35:52.953951"
"po_steroid_date","numeric",NA,2857,55.207729468599,"20260207_173552","2026-02-07 17:35:52.953951"
"narcan_date","numeric",NA,4148,80.1545893719807,"20260207_173552","2026-02-07 17:35:52.953951"
"inpt_inh_date","numeric",NA,2994,57.8550724637681,"20260207_173552","2026-02-07 17:35:52.953951"
"vasodilators_date","numeric",NA,5152,99.5555555555556,"20260207_173552","2026-02-07 17:35:52.953951"
"ip_diuretics_date","numeric",NA,5112,98.7826086956522,"20260207_173552","2026-02-07 17:35:52.953951"
"ip_abx_date","numeric",NA,5065,97.8743961352657,"20260207_173552","2026-02-07 17:35:52.953951"
"paralytic_date","numeric",NA,5134,99.207729468599,"20260207_173552","2026-02-07 17:35:52.953951"
"inpt_inh_0","numeric",NA,0,0,"20260207_173552","2026-02-07 17:35:52.953951"
"ip_abx_0","numeric",NA,0,0,"20260207_173552","2026-02-07 17:35:52.953951"
"ip_diuretics_0","numeric",NA,0,0,"20260207_173552","2026-02-07 17:35:52.953951"
"narcan_0","numeric",NA,0,0,"20260207_173552","2026-02-07 17:35:52.953951"
"paralytic_0","numeric",NA,0,0,"20260207_173552","2026-02-07 17:35:52.953951"
"po_steroid_0","numeric",NA,0,0,"20260207_173552","2026-02-07 17:35:52.953951"
"vasodilators_0","numeric",NA,0,0,"20260207_173552","2026-02-07 17:35:52.953951"
"op_diuretics_first_date","numeric",NA,3245,62.7053140096618,"20260207_173552","2026-02-07 17:35:52.953951"
"op_diuretics_last_date","numeric",NA,3256,62.9178743961353,"20260207_173552","2026-02-07 17:35:52.953951"
"op_diuretics_365d","haven_labelled",NA,0,0,"20260207_173552","2026-02-07 17:35:52.953951"
"op_opiate_first_date","numeric",NA,1907,36.8502415458937,"20260207_173552","2026-02-07 17:35:52.953951"
"op_opiate_last_date","numeric",NA,1917,37.0434782608696,"20260207_173552","2026-02-07 17:35:52.953951"
"op_opiate_365d","haven_labelled",NA,0,0,"20260207_173552","2026-02-07 17:35:52.953951"
"op_mat_first_date","numeric",NA,4967,95.9806763285024,"20260207_173552","2026-02-07 17:35:52.953951"
"op_mat_last_date","numeric",NA,4970,96.0386473429952,"20260207_173552","2026-02-07 17:35:52.953951"
"op_mat_365d","haven_labelled",NA,0,0,"20260207_173552","2026-02-07 17:35:52.953951"
"op_nrt_first_date","numeric",NA,4588,88.6570048309179,"20260207_173552","2026-02-07 17:35:52.953951"
"op_nrt_last_date","numeric",NA,4590,88.695652173913,"20260207_173552","2026-02-07 17:35:52.953951"
"op_nrt_365d","haven_labelled",NA,0,0,"20260207_173552","2026-02-07 17:35:52.953951"
"copd_med_first_date","numeric",NA,2608,50.3961352657005,"20260207_173552","2026-02-07 17:35:52.953951"
"copd_med_last_date","numeric",NA,2615,50.5314009661836,"20260207_173552","2026-02-07 17:35:52.953951"
"copd_med_365d","haven_labelled",NA,0,0,"20260207_173552","2026-02-07 17:35:52.953951"
"muscle_relax_first_date","numeric",NA,3983,76.9661835748792,"20260207_173552","2026-02-07 17:35:52.953951"
"muscle_relax_last_date","numeric",NA,3989,77.0821256038647,"20260207_173552","2026-02-07 17:35:52.953951"
"muscle_relax_365d","haven_labelled",NA,0,0,"20260207_173552","2026-02-07 17:35:52.953951"
"tte_proc_first_date","numeric",NA,4527,87.4782608695652,"20260207_173552","2026-02-07 17:35:52.953951"
"tte_proc_last_date","numeric",NA,4527,87.4782608695652,"20260207_173552","2026-02-07 17:35:52.953951"
"vent_proc","haven_labelled",NA,0,0,"20260207_173552","2026-02-07 17:35:52.953951"
"niv_proc","haven_labelled",NA,0,0,"20260207_173552","2026-02-07 17:35:52.953951"
"imv_proc","haven_labelled",NA,0,0,"20260207_173552","2026-02-07 17:35:52.953951"
"cpap_first_date","numeric",NA,4868,94.0676328502416,"20260207_173552","2026-02-07 17:35:52.953951"
"cpap_last_date","numeric",NA,4868,94.0676328502416,"20260207_173552","2026-02-07 17:35:52.953951"
"niv_proc_first_date","numeric",NA,4841,93.5458937198068,"20260207_173552","2026-02-07 17:35:52.953951"
"niv_proc_last_date","numeric",NA,4841,93.5458937198068,"20260207_173552","2026-02-07 17:35:52.953951"
"imv_proc_first_date","numeric",NA,4621,89.2946859903382,"20260207_173552","2026-02-07 17:35:52.953951"
"imv_proc_last_date","numeric",NA,4621,89.2946859903382,"20260207_173552","2026-02-07 17:35:52.953951"
"vent_proc_first_date","numeric",NA,4344,83.9420289855072,"20260207_173552","2026-02-07 17:35:52.953951"
"vent_proc_last_date","numeric",NA,4344,83.9420289855072,"20260207_173552","2026-02-07 17:35:52.953951"
"aero_first_date","numeric",NA,4506,87.0724637681159,"20260207_173552","2026-02-07 17:35:52.953951"
"aero_last_date","numeric",NA,4506,87.0724637681159,"20260207_173552","2026-02-07 17:35:52.953951"
"inh_teaching_first_date","numeric",NA,5020,97.0048309178744,"20260207_173552","2026-02-07 17:35:52.953951"
"inh_teaching_last_date","numeric",NA,5020,97.0048309178744,"20260207_173552","2026-02-07 17:35:52.953951"
"cxr1v_first_date","numeric",NA,3799,73.4106280193237,"20260207_173552","2026-02-07 17:35:52.953951"
"cxr1v_last_date","numeric",NA,3799,73.4106280193237,"20260207_173552","2026-02-07 17:35:52.953951"
"cxr2v_first_date","numeric",NA,5025,97.1014492753623,"20260207_173552","2026-02-07 17:35:52.953951"
"cxr2v_last_date","numeric",NA,5025,97.1014492753623,"20260207_173552","2026-02-07 17:35:52.953951"
"ctcnoncon_first_date","numeric",NA,5025,97.1014492753623,"20260207_173552","2026-02-07 17:35:52.953951"
"ctcnoncon_last_date","numeric",NA,5025,97.1014492753623,"20260207_173552","2026-02-07 17:35:52.953951"
"ctccon_first_date","numeric",NA,4944,95.536231884058,"20260207_173552","2026-02-07 17:35:52.953951"
"ctccon_last_date","numeric",NA,4944,95.536231884058,"20260207_173552","2026-02-07 17:35:52.953951"
"ctabdpelv_first_date","numeric",NA,4870,94.1062801932367,"20260207_173552","2026-02-07 17:35:52.953951"
"ctabdpelv_last_date","numeric",NA,4870,94.1062801932367,"20260207_173552","2026-02-07 17:35:52.953951"
"meas_venous_o2_proc_first_date","numeric",NA,5109,98.7246376811594,"20260207_173552","2026-02-07 17:35:52.953951"
"meas_venous_o2_proc_last_date","numeric",NA,5109,98.7246376811594,"20260207_173552","2026-02-07 17:35:52.953951"
"meas_art_gas_proc_first_date","numeric",NA,5130,99.1304347826087,"20260207_173552","2026-02-07 17:35:52.953951"
"meas_art_gas_proc_last_date","numeric",NA,5130,99.1304347826087,"20260207_173552","2026-02-07 17:35:52.953951"
"blood_cx_proc_first_date","numeric",NA,4493,86.8212560386473,"20260207_173552","2026-02-07 17:35:52.953951"
"blood_cx_proc_last_date","numeric",NA,4493,86.8212560386473,"20260207_173552","2026-02-07 17:35:52.953951"
"art_punct_proc_first_date","numeric",NA,4892,94.5314009661836,"20260207_173552","2026-02-07 17:35:52.953951"
"art_punct_proc_last_date","numeric",NA,4892,94.5314009661836,"20260207_173552","2026-02-07 17:35:52.953951"
"cc_time_first_date","numeric",NA,4002,77.3333333333333,"20260207_173552","2026-02-07 17:35:52.953951"
"cc_time_last_date","numeric",NA,4002,77.3333333333333,"20260207_173552","2026-02-07 17:35:52.953951"
"aero_0","numeric",NA,0,0,"20260207_173552","2026-02-07 17:35:52.953951"
"blood_cx_proc_0","numeric",NA,0,0,"20260207_173552","2026-02-07 17:35:52.953951"
"cc_time_0","numeric",NA,0,0,"20260207_173552","2026-02-07 17:35:52.953951"
"cpap_0","numeric",NA,0,0,"20260207_173552","2026-02-07 17:35:52.953951"
"ctabdpelv_0","numeric",NA,0,0,"20260207_173552","2026-02-07 17:35:52.953951"
"ctccon_0","numeric",NA,0,0,"20260207_173552","2026-02-07 17:35:52.953951"
"ctcnoncon_0","numeric",NA,0,0,"20260207_173552","2026-02-07 17:35:52.953951"
"cxr1v_0","numeric",NA,0,0,"20260207_173552","2026-02-07 17:35:52.953951"
"cxr2v_0","numeric",NA,0,0,"20260207_173552","2026-02-07 17:35:52.953951"
"imv_proc_0","numeric",NA,0,0,"20260207_173552","2026-02-07 17:35:52.953951"
"inh_teaching_0","numeric",NA,0,0,"20260207_173552","2026-02-07 17:35:52.953951"
"niv_proc_0","numeric",NA,0,0,"20260207_173552","2026-02-07 17:35:52.953951"
"tte_proc_0","numeric",NA,0,0,"20260207_173552","2026-02-07 17:35:52.953951"
"vent_proc_0","numeric",NA,0,0,"20260207_173552","2026-02-07 17:35:52.953951"
"aero_dur","numeric",NA,4506,87.0724637681159,"20260207_173552","2026-02-07 17:35:52.953951"
"blood_cx_proc_dur","numeric",NA,4493,86.8212560386473,"20260207_173552","2026-02-07 17:35:52.953951"
"cpap_dur","numeric",NA,4868,94.0676328502416,"20260207_173552","2026-02-07 17:35:52.953951"
"ctabdpelv_dur","numeric",NA,4870,94.1062801932367,"20260207_173552","2026-02-07 17:35:52.953951"
"ctccon_dur","numeric",NA,4944,95.536231884058,"20260207_173552","2026-02-07 17:35:52.953951"
"ctcnoncon_dur","numeric",NA,5025,97.1014492753623,"20260207_173552","2026-02-07 17:35:52.953951"
"cxr1v_dur","numeric",NA,3799,73.4106280193237,"20260207_173552","2026-02-07 17:35:52.953951"
"cxr2v_dur","numeric",NA,5025,97.1014492753623,"20260207_173552","2026-02-07 17:35:52.953951"
"imv_proc_dur","numeric",NA,4621,89.2946859903382,"20260207_173552","2026-02-07 17:35:52.953951"
"inh_teaching_dur","numeric",NA,5020,97.0048309178744,"20260207_173552","2026-02-07 17:35:52.953951"
"niv_proc_dur","numeric",NA,4841,93.5458937198068,"20260207_173552","2026-02-07 17:35:52.953951"
"tte_proc_dur","numeric",NA,4527,87.4782608695652,"20260207_173552","2026-02-07 17:35:52.953951"
"hypercap_resp_failure","haven_labelled",NA,0,0,"20260207_173552","2026-02-07 17:35:52.953951"
"j9612_date","numeric",NA,5139,99.304347826087,"20260207_173552","2026-02-07 17:35:52.953951"
"j9612_pcpl","haven_labelled",NA,5139,99.304347826087,"20260207_173552","2026-02-07 17:35:52.953951"
"j9612_adm","haven_labelled",NA,5139,99.304347826087,"20260207_173552","2026-02-07 17:35:52.953951"
"j9612_vr","haven_labelled",NA,5139,99.304347826087,"20260207_173552","2026-02-07 17:35:52.953951"
"j9622_date","numeric",NA,5064,97.8550724637681,"20260207_173552","2026-02-07 17:35:52.953951"
"j9622_pcpl","haven_labelled",NA,5067,97.9130434782609,"20260207_173552","2026-02-07 17:35:52.953951"
"j9622_adm","haven_labelled",NA,5064,97.8550724637681,"20260207_173552","2026-02-07 17:35:52.953951"
"j9622_vr","haven_labelled",NA,5064,97.8550724637681,"20260207_173552","2026-02-07 17:35:52.953951"
"j9602_date","numeric",NA,5007,96.7536231884058,"20260207_173552","2026-02-07 17:35:52.953951"
"j9602_pcpl","haven_labelled",NA,5010,96.8115942028985,"20260207_173552","2026-02-07 17:35:52.953951"
"j9602_adm","haven_labelled",NA,5007,96.7536231884058,"20260207_173552","2026-02-07 17:35:52.953951"
"j9602_vr","haven_labelled",NA,5007,96.7536231884058,"20260207_173552","2026-02-07 17:35:52.953951"
"j9692_date","numeric",NA,5153,99.5748792270531,"20260207_173552","2026-02-07 17:35:52.953951"
"j9692_pcpl","haven_labelled",NA,5153,99.5748792270531,"20260207_173552","2026-02-07 17:35:52.953951"
"j9692_adm","haven_labelled",NA,5153,99.5748792270531,"20260207_173552","2026-02-07 17:35:52.953951"
"j9692_vr","haven_labelled",NA,5153,99.5748792270531,"20260207_173552","2026-02-07 17:35:52.953951"
"ohs_code_date","numeric",NA,5124,99.0144927536232,"20260207_173552","2026-02-07 17:35:52.953951"
"e662_pcpl","haven_labelled",NA,5124,99.0144927536232,"20260207_173552","2026-02-07 17:35:52.953951"
"e662_adm","haven_labelled",NA,5124,99.0144927536232,"20260207_173552","2026-02-07 17:35:52.953951"
"e662_vr","haven_labelled",NA,5124,99.0144927536232,"20260207_173552","2026-02-07 17:35:52.953951"
"hypercap_resp_failure_date","numeric",NA,4873,94.1642512077295,"20260207_173552","2026-02-07 17:35:52.953951"
"other_resp_failure","haven_labelled",NA,0,0,"20260207_173552","2026-02-07 17:35:52.953951"
"j9600_date","numeric",NA,4995,96.5217391304348,"20260207_173552","2026-02-07 17:35:52.953951"
"j9601_date","numeric",NA,4265,82.4154589371981,"20260207_173552","2026-02-07 17:35:52.953951"
"j961_date","numeric",NA,5175,100,"20260207_173552","2026-02-07 17:35:52.953951"
"j9610_date","numeric",NA,5140,99.3236714975845,"20260207_173552","2026-02-07 17:35:52.953951"
"j9611_date","numeric",NA,5047,97.5265700483092,"20260207_173552","2026-02-07 17:35:52.953951"
"j962_date","numeric",NA,5175,100,"20260207_173552","2026-02-07 17:35:52.953951"
"j9620_date","numeric",NA,5153,99.5748792270531,"20260207_173552","2026-02-07 17:35:52.953951"
"j9621_date","numeric",NA,4916,94.9951690821256,"20260207_173552","2026-02-07 17:35:52.953951"
"j9690_date","numeric",NA,5050,97.5845410628019,"20260207_173552","2026-02-07 17:35:52.953951"
"j9691_date","numeric",NA,5105,98.6473429951691,"20260207_173552","2026-02-07 17:35:52.953951"
"other_resp_failure_date","numeric",NA,3864,74.6666666666667,"20260207_173552","2026-02-07 17:35:52.953951"
"sepsis_dx_date","numeric",NA,4571,88.3285024154589,"20260207_173552","2026-02-07 17:35:52.953951"
"stupor_dx_date","numeric",NA,5057,97.719806763285,"20260207_173552","2026-02-07 17:35:52.953951"
"cog_signs_dx_date","numeric",NA,4689,90.6086956521739,"20260207_173552","2026-02-07 17:35:52.953951"
"mal_fat_dx_date","numeric",NA,4598,88.8502415458937,"20260207_173552","2026-02-07 17:35:52.953951"
"resp_acid_dx_date","numeric",NA,5127,99.0724637681159,"20260207_173552","2026-02-07 17:35:52.953951"
"sleep_hypovent_dx_date","numeric",NA,5170,99.9033816425121,"20260207_173552","2026-02-07 17:35:52.953951"
"cchs_dx_date","numeric",NA,5175,100,"20260207_173552","2026-02-07 17:35:52.953951"
"other_sleep_hypovent_dx_date","numeric",NA,5169,99.8840579710145,"20260207_173552","2026-02-07 17:35:52.953951"
"acidosis_unspec_date","numeric",NA,5016,96.9275362318841,"20260207_173552","2026-02-07 17:35:52.953951"
"headache_dx_date","numeric",NA,5023,97.0628019323672,"20260207_173552","2026-02-07 17:35:52.953951"
"dysp_dx","haven_labelled",NA,0,0,"20260207_173552","2026-02-07 17:35:52.953951"
"dysp_dx_date","numeric",NA,4423,85.4685990338164,"20260207_173552","2026-02-07 17:35:52.953951"
"symp_obs","haven_labelled",NA,0,0,"20260207_173552","2026-02-07 17:35:52.953951"
"symp_obs_date","numeric",NA,5124,99.0144927536232,"20260207_173552","2026-02-07 17:35:52.953951"
"abn_br_dx","haven_labelled",NA,0,0,"20260207_173552","2026-02-07 17:35:52.953951"
"abn_br_dx_date","numeric",NA,5167,99.8454106280193,"20260207_173552","2026-02-07 17:35:52.953951"
"resp_abnormality","haven_labelled",NA,0,0,"20260207_173552","2026-02-07 17:35:52.953951"
"r0689_date","numeric",NA,5089,98.3381642512077,"20260207_173552","2026-02-07 17:35:52.953951"
"resp_abnormality_date","numeric",NA,5076,98.0869565217391,"20260207_173552","2026-02-07 17:35:52.953951"
"other_abn_of_br_date","numeric",NA,5089,98.3381642512077,"20260207_173552","2026-02-07 17:35:52.953951"
"fast_br","haven_labelled",NA,0,0,"20260207_173552","2026-02-07 17:35:52.953951"
"fast_br_date","numeric",NA,5147,99.4589371980676,"20260207_173552","2026-02-07 17:35:52.953951"
"pulm_edema_dx","haven_labelled",NA,0,0,"20260207_173552","2026-02-07 17:35:52.953951"
"pulm_edema_dx_date","numeric",NA,5018,96.9661835748792,"20260207_173552","2026-02-07 17:35:52.953951"
"pna_dx","haven_labelled",NA,0,0,"20260207_173552","2026-02-07 17:35:52.953951"
"pna_dx_date","numeric",NA,4440,85.7971014492754,"20260207_173552","2026-02-07 17:35:52.953951"
"acute_chf","numeric",NA,0,0,"20260207_173552","2026-02-07 17:35:52.953951"
"acute_old","haven_labelled",NA,0,0,"20260207_173552","2026-02-07 17:35:52.953951"
"acute_old_date","numeric",NA,0,0,"20260207_173552","2026-02-07 17:35:52.953951"
"resp_dep_compl","haven_labelled",NA,0,0,"20260207_173552","2026-02-07 17:35:52.953951"
"resp_dep_compl_date","numeric",NA,5004,96.695652173913,"20260207_173552","2026-02-07 17:35:52.953951"
"acute_nmd_date","numeric",NA,5164,99.7874396135266,"20260207_173552","2026-02-07 17:35:52.953951"
"osa_first_date","numeric",NA,4294,82.975845410628,"20260207_173552","2026-02-07 17:35:52.953951"
"osa_last_date","numeric",NA,4296,83.0144927536232,"20260207_173552","2026-02-07 17:35:52.953951"
"asthma_first_date","numeric",NA,4491,86.7826086956522,"20260207_173552","2026-02-07 17:35:52.953951"
"asthma_last_date","numeric",NA,4491,86.7826086956522,"20260207_173552","2026-02-07 17:35:52.953951"
"copd_first_date","numeric",NA,4159,80.3671497584541,"20260207_173552","2026-02-07 17:35:52.953951"
"copd_last_date","numeric",NA,4160,80.3864734299517,"20260207_173552","2026-02-07 17:35:52.953951"
"chf_first_date","numeric",NA,4122,79.6521739130435,"20260207_173552","2026-02-07 17:35:52.953951"
"chf_last_date","numeric",NA,4126,79.7294685990338,"20260207_173552","2026-02-07 17:35:52.953951"
"stroke_first_date","numeric",NA,4805,92.8502415458937,"20260207_173552","2026-02-07 17:35:52.953951"
"stroke_last_date","numeric",NA,4807,92.8888888888889,"20260207_173552","2026-02-07 17:35:52.953951"
"ckd_first_date","numeric",NA,4267,82.4541062801932,"20260207_173552","2026-02-07 17:35:52.953951"
"ckd_last_date","numeric",NA,4268,82.4734299516908,"20260207_173552","2026-02-07 17:35:52.953951"
"ctd","haven_labelled",NA,0,0,"20260207_173552","2026-02-07 17:35:52.953951"
"ctd_first_date","numeric",NA,4897,94.6280193236715,"20260207_173552","2026-02-07 17:35:52.953951"
"ctd_last_date","numeric",NA,4897,94.6280193236715,"20260207_173552","2026-02-07 17:35:52.953951"
"dem","haven_labelled",NA,0,0,"20260207_173552","2026-02-07 17:35:52.953951"
"dem_first_date","numeric",NA,4853,93.7777777777778,"20260207_173552","2026-02-07 17:35:52.953951"
"dem_last_date","numeric",NA,4853,93.7777777777778,"20260207_173552","2026-02-07 17:35:52.953951"
"dm","haven_labelled",NA,0,0,"20260207_173552","2026-02-07 17:35:52.953951"
"dm_first_date","numeric",NA,3654,70.6086956521739,"20260207_173552","2026-02-07 17:35:52.953951"
"dm_last_date","numeric",NA,3658,70.6859903381642,"20260207_173552","2026-02-07 17:35:52.953951"
"pvd_first_date","numeric",NA,4669,90.2222222222222,"20260207_173552","2026-02-07 17:35:52.953951"
"pvd_last_date","numeric",NA,4669,90.2222222222222,"20260207_173552","2026-02-07 17:35:52.953951"
"oud_first_date","numeric",NA,4892,94.5314009661836,"20260207_173552","2026-02-07 17:35:52.953951"
"oud_last_date","numeric",NA,4893,94.5507246376812,"20260207_173552","2026-02-07 17:35:52.953951"
"sedatives_first_date","numeric",NA,5124,99.0144927536232,"20260207_173552","2026-02-07 17:35:52.953951"
"sedatives_last_date","numeric",NA,5124,99.0144927536232,"20260207_173552","2026-02-07 17:35:52.953951"
"cfdo_first_date","numeric",NA,5166,99.8260869565217,"20260207_173552","2026-02-07 17:35:52.953951"
"cfdo_last_date","numeric",NA,5166,99.8260869565217,"20260207_173552","2026-02-07 17:35:52.953951"
"phtn_first_date","numeric",NA,4739,91.5748792270531,"20260207_173552","2026-02-07 17:35:52.953951"
"phtn_last_date","numeric",NA,4739,91.5748792270531,"20260207_173552","2026-02-07 17:35:52.953951"
"polycy_first_date","numeric",NA,5112,98.7826086956522,"20260207_173552","2026-02-07 17:35:52.953951"
"polycy_last_date","numeric",NA,5112,98.7826086956522,"20260207_173552","2026-02-07 17:35:52.953951"
"nmd","haven_labelled",NA,0,0,"20260207_173552","2026-02-07 17:35:52.953951"
"nmd_first_date","numeric",NA,4942,95.4975845410628,"20260207_173552","2026-02-07 17:35:52.953951"
"nmd_last_date","numeric",NA,4943,95.5169082125604,"20260207_173552","2026-02-07 17:35:52.953951"
"nic","haven_labelled",NA,0,0,"20260207_173552","2026-02-07 17:35:52.953951"
"nic_first_date","numeric",NA,3951,76.3478260869565,"20260207_173552","2026-02-07 17:35:52.953951"
"nic_last_date","numeric",NA,3952,76.3671497584541,"20260207_173552","2026-02-07 17:35:52.953951"
"ovs","haven_labelled",NA,0,0,"20260207_173552","2026-02-07 17:35:52.953951"
"ats_ohs_flag","numeric",NA,4531,87.5555555555556,"20260207_173552","2026-02-07 17:35:52.953951"
"pos_ohs_flag","numeric",NA,0,0,"20260207_173552","2026-02-07 17:35:52.953951"
"ats_copd_flag","numeric",NA,4560,88.1159420289855,"20260207_173552","2026-02-07 17:35:52.953951"
"guidelines","haven_labelled",NA,4560,88.1159420289855,"20260207_173552","2026-02-07 17:35:52.953951"
"OBESITY_rfs","numeric",NA,0,0,"20260207_173552","2026-02-07 17:35:52.953951"
"_merge_amb_obes","haven_labelled",NA,5175,100,"20260207_173552","2026-02-07 17:35:52.953951"
"PREDISPOSITION_rfs","numeric",NA,0,0,"20260207_173552","2026-02-07 17:35:52.953951"
"_merge_amb_predisp","haven_labelled",NA,5175,100,"20260207_173552","2026-02-07 17:35:52.953951"
"RESPFAIL_rfs","numeric",NA,0,0,"20260207_173552","2026-02-07 17:35:52.953951"
"_merge_amb_respfail","haven_labelled",NA,5175,100,"20260207_173552","2026-02-07 17:35:52.953951"
"VBG_rfs","numeric",NA,0,0,"20260207_173552","2026-02-07 17:35:52.953951"
"_merge_amb_vbg","haven_labelled",NA,5175,100,"20260207_173552","2026-02-07 17:35:52.953951"
"VENTSUPPORT_rfs","numeric",NA,0,0,"20260207_173552","2026-02-07 17:35:52.953951"
"_merge_amb_ventsupp","haven_labelled",NA,5175,100,"20260207_173552","2026-02-07 17:35:52.953951"
"is_emer","numeric",NA,0,0,"20260207_173552","2026-02-07 17:35:52.953951"
"_merge_emer_obes","haven_labelled",NA,4674,90.3188405797101,"20260207_173552","2026-02-07 17:35:52.953951"
"_merge_emer_predisp","haven_labelled",NA,3875,74.8792270531401,"20260207_173552","2026-02-07 17:35:52.953951"
"_merge_emer_respfail","haven_labelled",NA,3818,73.7777777777778,"20260207_173552","2026-02-07 17:35:52.953951"
"_merge_emer_vbg","haven_labelled",NA,3480,67.2463768115942,"20260207_173552","2026-02-07 17:35:52.953951"
"_merge_emer_ventsupp","haven_labelled",NA,3465,66.9565217391304,"20260207_173552","2026-02-07 17:35:52.953951"
"_merge_emer","haven_labelled",NA,3465,66.9565217391304,"20260207_173552","2026-02-07 17:35:52.953951"
"is_inp","haven_labelled",NA,1710,33.0434782608696,"20260207_173552","2026-02-07 17:35:52.953951"
"_merge_inpat_obes","haven_labelled",NA,3752,72.5024154589372,"20260207_173552","2026-02-07 17:35:52.953951"
"_merge_inpat_predisp","haven_labelled",NA,2575,49.7584541062802,"20260207_173552","2026-02-07 17:35:52.953951"
"_merge_inpat_respfail","haven_labelled",NA,2264,43.7487922705314,"20260207_173552","2026-02-07 17:35:52.953951"
"_merge_inpat_vbg","haven_labelled",NA,1841,35.5748792270531,"20260207_173552","2026-02-07 17:35:52.953951"
"_merge_inpat_ventsupp","haven_labelled",NA,1710,33.0434782608696,"20260207_173552","2026-02-07 17:35:52.953951"
"_merge_inpat","haven_labelled",NA,0,0,"20260207_173552","2026-02-07 17:35:52.953951"
"patient_id","numeric",NA,0,0,"20260207_173552","2026-02-07 17:35:52.953951"
"rfsgroup","haven_labelled",NA,0,0,"20260207_173552","2026-02-07 17:35:52.953951"
"encounter_type","factor",2,0,0,"20260207_173552","2026-02-07 17:35:52.953951"
"first_encounter","haven_labelled",NA,0,0,"20260207_173552","2026-02-07 17:35:52.953951"
"has_abg","integer",NA,0,0,"20260207_173552","2026-02-07 17:35:52.953951"
"has_vbg","integer",NA,0,0,"20260207_173552","2026-02-07 17:35:52.953951"
"max_hco3_or_its_met_alk","numeric",NA,3264,63.072463768116,"20260207_173552","2026-02-07 17:35:52.953951"
"prim_met_alk","numeric",NA,4560,88.1159420289855,"20260207_173552","2026-02-07 17:35:52.953951"
"max_hco3_or_its_comb_met_alk","numeric",NA,3264,63.072463768116,"20260207_173552","2026-02-07 17:35:52.953951"
"combo_met_alk","numeric",NA,4560,88.1159420289855,"20260207_173552","2026-02-07 17:35:52.953951"
"alkalemia","numeric",NA,2284,44.1352657004831,"20260207_173552","2026-02-07 17:35:52.953951"
"paco2_flag_and_alk","numeric",NA,4560,88.1159420289855,"20260207_173552","2026-02-07 17:35:52.953951"
"paco2_50_flag","haven_labelled",NA,3264,63.072463768116,"20260207_173552","2026-02-07 17:35:52.953951"
"hypercap_dx_adm_flag","numeric",NA,4873,94.1642512077295,"20260207_173552","2026-02-07 17:35:52.953951"
"hypercap_dx_pcpl_flag","numeric",NA,4877,94.2415458937198,"20260207_173552","2026-02-07 17:35:52.953951"
"hypercap_dx_vr_flag","numeric",NA,4873,94.1642512077295,"20260207_173552","2026-02-07 17:35:52.953951"
"hypercap_on_abg","numeric",NA,0,0,"20260207_173552","2026-02-07 17:35:52.953951"
"hypercap_on_vbg","numeric",NA,0,0,"20260207_173552","2026-02-07 17:35:52.953951"
"has_both_abg_vbg","haven_labelled",NA,0,0,"20260207_173552","2026-02-07 17:35:52.953951"
"has_neither_abg_vbg","haven_labelled",NA,0,0,"20260207_173552","2026-02-07 17:35:52.953951"
"vbg_or_abg_co2_flag","haven_labelled",NA,0,0,"20260207_173552","2026-02-07 17:35:52.953951"
"dx_hypercap_on_abg","numeric",NA,4873,94.1642512077295,"20260207_173552","2026-02-07 17:35:52.953951"
"sugg_hypercap_dx_on_vbg","numeric",NA,4873,94.1642512077295,"20260207_173552","2026-02-07 17:35:52.953951"
"dx_hypercap_on_vbg","numeric",NA,4873,94.1642512077295,"20260207_173552","2026-02-07 17:35:52.953951"
"vbg_o2sat_calc","numeric",NA,0,0,"20260207_173552","2026-02-07 17:35:52.953951"
"abg_o2sat_calc","numeric",NA,0,0,"20260207_173552","2026-02-07 17:35:52.953951"
"corr_vbg_co2","numeric",NA,3730,72.0772946859903,"20260207_173552","2026-02-07 17:35:52.953951"
"corr_vbg_co2_flag","haven_labelled",NA,3730,72.0772946859903,"20260207_173552","2026-02-07 17:35:52.953951"
"corr_hypercap_on_vbg","numeric",NA,0,0,"20260207_173552","2026-02-07 17:35:52.953951"
"race_ethnicity","factor",7,0,0,"20260207_173552","2026-02-07 17:35:52.953951"
"has_vbg_and_cat","haven_labelled",NA,0,0,"20260207_173552","2026-02-07 17:35:52.953951"
"has_bmi_and_cat","haven_labelled",NA,0,0,"20260207_173552","2026-02-07 17:35:52.953951"
"has_weight_and_cat","haven_labelled",NA,0,0,"20260207_173552","2026-02-07 17:35:52.953951"
"has_height_and_cat","haven_labelled",NA,0,0,"20260207_173552","2026-02-07 17:35:52.953951"
"has_hr_and_cat","haven_labelled",NA,0,0,"20260207_173552","2026-02-07 17:35:52.953951"
"has_sbp_and_cat","haven_labelled",NA,0,0,"20260207_173552","2026-02-07 17:35:52.953951"
"has_rr_and_cat","haven_labelled",NA,0,0,"20260207_173552","2026-02-07 17:35:52.953951"
"has_temp_and_cat","haven_labelled",NA,0,0,"20260207_173552","2026-02-07 17:35:52.953951"
"has_spo2_and_cat","haven_labelled",NA,0,0,"20260207_173552","2026-02-07 17:35:52.953951"
"has_cl_and_cat","haven_labelled",NA,0,0,"20260207_173552","2026-02-07 17:35:52.953951"
"has_k_and_cat","haven_labelled",NA,0,0,"20260207_173552","2026-02-07 17:35:52.953951"
"has_hco3_and_cat","haven_labelled",NA,0,0,"20260207_173552","2026-02-07 17:35:52.953951"
"has_lactate_and_cat","haven_labelled",NA,0,0,"20260207_173552","2026-02-07 17:35:52.953951"
"has_na_and_cat","haven_labelled",NA,0,0,"20260207_173552","2026-02-07 17:35:52.953951"
"has_cr_and_cat","haven_labelled",NA,0,0,"20260207_173552","2026-02-07 17:35:52.953951"
"has_hgb_and_cat","haven_labelled",NA,0,0,"20260207_173552","2026-02-07 17:35:52.953951"
"has_wbc_and_cat","haven_labelled",NA,0,0,"20260207_173552","2026-02-07 17:35:52.953951"
"has_plt_and_cat","haven_labelled",NA,0,0,"20260207_173552","2026-02-07 17:35:52.953951"
"has_bnp_and_cat","haven_labelled",NA,0,0,"20260207_173552","2026-02-07 17:35:52.953951"
"has_phos_and_cat","haven_labelled",NA,0,0,"20260207_173552","2026-02-07 17:35:52.953951"
"has_ca_and_cat","haven_labelled",NA,0,0,"20260207_173552","2026-02-07 17:35:52.953951"
"has_alb_and_cat","haven_labelled",NA,0,0,"20260207_173552","2026-02-07 17:35:52.953951"
"has_tprot_and_cat","haven_labelled",NA,0,0,"20260207_173552","2026-02-07 17:35:52.953951"
"encounter_type_dummy1","numeric",NA,0,0,"20260207_173552","2026-02-07 17:35:52.953951"
"encounter_type_dummy2","numeric",NA,0,0,"20260207_173552","2026-02-07 17:35:52.953951"
"encounter_type_dummy3","numeric",NA,0,0,"20260207_173552","2026-02-07 17:35:52.953951"
"female","haven_labelled",NA,0,0,"20260207_173552","2026-02-07 17:35:52.953951"
"male","numeric",NA,0,0,"20260207_173552","2026-02-07 17:35:52.953951"
"white_race","numeric",NA,0,0,"20260207_173552","2026-02-07 17:35:52.953951"
"black_race","numeric",NA,0,0,"20260207_173552","2026-02-07 17:35:52.953951"
"unknown_race","numeric",NA,0,0,"20260207_173552","2026-02-07 17:35:52.953951"
"asian_race","numeric",NA,0,0,"20260207_173552","2026-02-07 17:35:52.953951"
"nat_am_race","numeric",NA,0,0,"20260207_173552","2026-02-07 17:35:52.953951"
"nhpi_race","numeric",NA,0,0,"20260207_173552","2026-02-07 17:35:52.953951"
"not_hisp_eth","numeric",NA,0,0,"20260207_173552","2026-02-07 17:35:52.953951"
"hisp_eth","numeric",NA,0,0,"20260207_173552","2026-02-07 17:35:52.953951"
"unknown_eth","numeric",NA,0,0,"20260207_173552","2026-02-07 17:35:52.953951"
"location_dummy1","numeric",NA,0,0,"20260207_173552","2026-02-07 17:35:52.953951"
"location_dummy2","numeric",NA,0,0,"20260207_173552","2026-02-07 17:35:52.953951"
"location_dummy3","numeric",NA,0,0,"20260207_173552","2026-02-07 17:35:52.953951"
"location_dummy4","numeric",NA,0,0,"20260207_173552","2026-02-07 17:35:52.953951"
"ps","numeric",NA,0,0,"20260207_173552","2026-02-07 17:35:52.953951"
"tx_pr_decile","numeric",NA,0,0,"20260207_173552","2026-02-07 17:35:52.953951"
"ps_trunc","numeric",NA,0,0,"20260207_173552","2026-02-07 17:35:52.953951"
"sumofweights","numeric",NA,0,0,"20260207_173552","2026-02-07 17:35:52.953951"
"ipw","numeric",NA,0,0,"20260207_173552","2026-02-07 17:35:52.953951"
"stabilized_weight","numeric",NA,0,0,"20260207_173552","2026-02-07 17:35:52.953951"
"approx_ipw_fweight","numeric",NA,0,0,"20260207_173552","2026-02-07 17:35:52.953951"
"vbg_ps","numeric",NA,0,0,"20260207_173552","2026-02-07 17:35:52.953951"
"vbg_tx_pr_decile","numeric",NA,0,0,"20260207_173552","2026-02-07 17:35:52.953951"
"vbg_ps_trunc","numeric",NA,0,0,"20260207_173552","2026-02-07 17:35:52.953951"
"vbg_sumofweights","numeric",NA,0,0,"20260207_173552","2026-02-07 17:35:52.953951"
"vbg_ipw","numeric",NA,0,0,"20260207_173552","2026-02-07 17:35:52.953951"
"vbg_stabilized_weight","numeric",NA,0,0,"20260207_173552","2026-02-07 17:35:52.953951"
"vbg_approx_ipw_fweight","numeric",NA,0,0,"20260207_173552","2026-02-07 17:35:52.953951"
